"","iso_code","continent","location","date","total_cases","new_cases","new_cases_smoothed","total_deaths","new_deaths","new_deaths_smoothed","total_cases_per_million","new_cases_per_million","new_cases_smoothed_per_million","total_deaths_per_million","new_deaths_per_million","new_deaths_smoothed_per_million","reproduction_rate","icu_patients","icu_patients_per_million","hosp_patients","hosp_patients_per_million","weekly_icu_admissions","weekly_icu_admissions_per_million","weekly_hosp_admissions","weekly_hosp_admissions_per_million","total_tests","new_tests","total_tests_per_thousand","new_tests_per_thousand","new_tests_smoothed","new_tests_smoothed_per_thousand","positive_rate","tests_per_case","tests_units","total_vaccinations","people_vaccinated","people_fully_vaccinated","total_boosters","new_vaccinations","new_vaccinations_smoothed","total_vaccinations_per_hundred","people_vaccinated_per_hundred","people_fully_vaccinated_per_hundred","total_boosters_per_hundred","new_vaccinations_smoothed_per_million","new_people_vaccinated_smoothed","new_people_vaccinated_smoothed_per_hundred","stringency_index","population","population_density","median_age","aged_65_older","aged_70_older","gdp_per_capita","extreme_poverty","cardiovasc_death_rate","diabetes_prevalence","female_smokers","male_smokers","handwashing_facilities","hospital_beds_per_thousand","life_expectancy","human_development_index","excess_mortality_cumulative_absolute","excess_mortality_cumulative","excess_mortality","excess_mortality_cumulative_per_million"
"1","MEX","North America","Mexico","2022-01-01",3988916,9193,5530.857,299525,97,109.429,30622.202,70.573,42.459,2299.4,0.745,0.84,1.69,NA,NA,NA,NA,NA,NA,NA,NA,12053660,9159,92.534,0.07,23880,0.183,0.356,2.8,"people tested",148938454,81916351,72846741,NA,NA,55346,114.34,62.89,55.92,NA,425,200,0,35.19,130262220,66.444,29.3,6.857,4.321,17336.469,2.5,152.783,13.06,6.9,21.4,87.847,1.38,75.05,0.779,NA,NA,NA,NA
"2","MEX","North America","Mexico","2022-01-02",3990587,1671,5769.571,299544,19,112.143,30635.03,12.828,44.292,2299.546,0.146,0.861,1.69,NA,NA,NA,NA,NA,NA,NA,NA,12067165,13505,92.637,0.104,24782,0.19,0.365,2.7,"people tested",148943207,81916395,72849124,NA,4753,49436,114.34,62.89,55.92,NA,380,163,0,35.19,130262220,66.444,29.3,6.857,4.321,17336.469,2.5,152.783,13.06,6.9,21.4,87.847,1.38,75.05,0.779,612066.7,39.55,-0.27,4698.727689
"3","MEX","North America","Mexico","2022-01-03",3993464,2877,6065.857,299581,37,114.857,30657.116,22.086,46.567,2299.83,0.284,0.882,1.71,NA,NA,NA,NA,NA,NA,NA,NA,12121102,53937,93.052,0.414,28672,0.22,0.394,2.5,"people tested",148943382,81916418,72849255,NA,175,42873,114.34,62.89,55.93,NA,329,124,0,35.19,130262220,66.444,29.3,6.857,4.321,17336.469,2.5,152.783,13.06,6.9,21.4,87.847,1.38,75.05,0.779,NA,NA,NA,NA
"4","MEX","North America","Mexico","2022-01-04",4008648,15184,8100.286,299711,130,127.429,30773.681,116.565,62.184,2300.828,0.998,0.978,1.73,NA,NA,NA,NA,NA,NA,NA,NA,12185359,64257,93.545,0.493,33618,0.258,0.43,2.3,"people tested",149382709,82091136,72881907,NA,439327,99045,114.68,63.02,55.95,NA,760,25041,0.019,35.19,130262220,66.444,29.3,6.857,4.321,17336.469,2.5,152.783,13.06,6.9,21.4,87.847,1.38,75.05,0.779,NA,NA,NA,NA
"5","MEX","North America","Mexico","2022-01-05",4029274,20626,10414.571,299842,131,128.286,30932.023,158.342,79.951,2301.834,1.006,0.985,1.74,NA,NA,NA,NA,NA,NA,NA,NA,12261049,75690,94.126,0.581,39787,0.305,0.46,2.2,"people tested",149574164,82114490,72979978,NA,191455,117477,114.83,63.04,56.03,NA,902,28366,0.022,35.19,130262220,66.444,29.3,6.857,4.321,17336.469,2.5,152.783,13.06,6.9,21.4,87.847,1.38,75.05,0.779,NA,NA,NA,NA
"6","MEX","North America","Mexico","2022-01-06",4055095,25821,13347.571,299970,128,119.714,31130.246,198.223,102.467,2302.817,0.983,0.919,1.74,NA,NA,NA,NA,NA,NA,NA,NA,12340890,79841,94.739,0.613,46311,0.356,0.485,2.1,"people tested",150180676,82152852,73347525,NA,606512,195202,115.29,63.07,56.31,NA,1499,33835,0.026,35.19,130262220,66.444,29.3,6.857,4.321,17336.469,2.5,152.783,13.06,6.9,21.4,87.847,1.38,75.05,0.779,NA,NA,NA,NA
"7","MEX","North America","Mexico","2022-01-07",4083118,28023,14770.714,300101,131,96.143,31345.374,215.128,113.392,2303.822,1.006,0.738,1.72,NA,NA,NA,NA,NA,NA,NA,NA,12427707,86817,95.405,0.666,54744,0.42,0.501,2,"people tested",NA,NA,NA,NA,NA,278044,NA,NA,NA,NA,2134,47960,0.037,35.19,130262220,66.444,29.3,6.857,4.321,17336.469,2.5,152.783,13.06,6.9,21.4,87.847,1.38,75.05,0.779,NA,NA,NA,NA
"8","MEX","North America","Mexico","2022-01-08",4113789,30671,17839,300303,202,111.143,31580.83,235.456,136.947,2305.373,1.551,0.853,1.71,NA,NA,NA,NA,NA,NA,NA,NA,12469372,41665,95.725,0.32,59387,0.456,0.507,2,"people tested",151464652,82350939,73840012,NA,NA,360885,116.28,63.22,56.69,NA,2770,62084,0.048,35.19,130262220,66.444,29.3,6.857,4.321,17336.469,2.5,152.783,13.06,6.9,21.4,87.847,1.38,75.05,0.779,NA,NA,NA,NA
"9","MEX","North America","Mexico","2022-01-09",4125388,11599,19257.286,300334,31,112.857,31669.873,89.043,147.835,2305.611,0.238,0.866,1.69,NA,NA,NA,NA,NA,NA,NA,NA,12502168,32796,95.977,0.252,62143,0.477,0.514,1.9,"people tested",151945143,82407688,74053608,NA,480491,428848,116.65,63.26,56.85,NA,3292,70185,0.054,35.19,130262220,66.444,29.3,6.857,4.321,17336.469,2.5,152.783,13.06,6.9,21.4,87.847,1.38,75.05,0.779,NA,NA,NA,NA
"10","MEX","North America","Mexico","2022-01-10",4125388,0,18846.286,300334,0,107.571,31669.873,0,144.68,2305.611,0,0.826,1.67,NA,NA,NA,NA,NA,NA,NA,NA,12615460,113292,96.847,0.87,70623,0.542,0.541,1.8,"people tested",152051707,82425639,74107031,NA,106564,444046,116.73,63.28,56.89,NA,3409,72746,0.056,38.89,130262220,66.444,29.3,6.857,4.321,17336.469,2.5,152.783,13.06,6.9,21.4,87.847,1.38,75.05,0.779,NA,NA,NA,NA
"11","MEX","North America","Mexico","2022-01-11",4170066,44678,23059.714,300574,240,123.286,32012.858,342.985,177.025,2307.453,1.842,0.946,1.66,NA,NA,NA,NA,NA,NA,NA,NA,12729207,113747,97.72,0.873,77693,0.596,0.564,1.8,"people tested",152315526,82482249,74236740,NA,263819,418974,116.93,63.32,56.99,NA,3216,55873,0.043,38.89,130262220,66.444,29.3,6.857,4.321,17336.469,2.5,152.783,13.06,6.9,21.4,87.847,1.38,75.05,0.779,NA,NA,NA,NA
"12","MEX","North America","Mexico","2022-01-12",4214253,44187,26425.571,300764,190,131.714,32352.074,339.216,202.864,2308.912,1.459,1.011,1.64,NA,NA,NA,NA,NA,NA,NA,NA,12846384,117177,98.619,0.9,83619,0.642,0.585,1.7,"people tested",NA,NA,NA,NA,NA,488625,NA,NA,NA,NA,3751,62868,0.048,38.89,130262220,66.444,29.3,6.857,4.321,17336.469,2.5,152.783,13.06,6.9,21.4,87.847,1.38,75.05,0.779,NA,NA,NA,NA
"13","MEX","North America","Mexico","2022-01-13",4257776,43523,28954.429,300912,148,134.571,32686.193,334.118,222.278,2310.048,1.136,1.033,1.61,NA,NA,NA,NA,NA,NA,NA,NA,12958452,112068,99.48,0.86,88223,0.677,0.605,1.7,"people tested",153673555,82626877,74761824,NA,NA,498983,117.97,63.43,57.39,NA,3831,67718,0.052,38.89,130262220,66.444,29.3,6.857,4.321,17336.469,2.5,152.783,13.06,6.9,21.4,87.847,1.38,75.05,0.779,NA,NA,NA,NA
"14","MEX","North America","Mexico","2022-01-14",4257776,0,24951.143,300912,0,115.857,32686.193,0,191.546,2310.048,0,0.889,1.58,NA,NA,NA,NA,NA,NA,NA,NA,13069534,111082,100.332,0.853,91690,0.704,0.624,1.6,"people tested",154611440,82725740,75060397,NA,937885,541254,118.69,63.51,57.62,NA,4155,67692,0.052,38.89,130262220,66.444,29.3,6.857,4.321,17336.469,2.5,152.783,13.06,6.9,21.4,87.847,1.38,75.05,0.779,NA,NA,NA,NA
"15","MEX","North America","Mexico","2022-01-15",4349182,91406,33627.571,301334,422,147.286,33387.9,701.708,258.153,2313.288,3.24,1.131,1.57,NA,NA,NA,NA,NA,NA,NA,NA,13117781,48247,100.703,0.37,92630,0.711,0.631,1.6,"people tested",155420388,82815932,75374678,NA,808948,565105,119.31,63.58,57.86,NA,4338,66428,0.051,38.89,130262220,66.444,29.3,6.857,4.321,17336.469,2.5,152.783,13.06,6.9,21.4,87.847,1.38,75.05,0.779,NA,NA,NA,NA
"16","MEX","North America","Mexico","2022-01-16",4368314,19132,34703.714,301410,76,153.714,33534.773,146.873,266.414,2313.871,0.583,1.18,1.53,NA,NA,NA,NA,NA,NA,NA,NA,13152249,34468,100.967,0.265,92869,0.713,0.636,1.6,"people tested",155882479,82898265,75617241,NA,462091,562477,119.67,63.64,58.05,NA,4318,70082,0.054,38.89,130262220,66.444,29.3,6.857,4.321,17336.469,2.5,152.783,13.06,6.9,21.4,87.847,1.38,75.05,0.779,NA,NA,NA,NA
"17","MEX","North America","Mexico","2022-01-17",4385415,17101,37146.714,301469,59,162.143,33666.055,131.281,285.169,2314.324,0.453,1.245,1.5,NA,NA,NA,NA,NA,NA,NA,NA,13265500,113251,101.837,0.869,92863,0.713,0.654,1.5,"people tested",NA,NA,NA,NA,NA,585596,NA,NA,NA,NA,4496,71414,0.055,38.89,130262220,66.444,29.3,6.857,4.321,17336.469,2.5,152.783,13.06,6.9,21.4,87.847,1.38,75.05,0.779,NA,NA,NA,NA
"18","MEX","North America","Mexico","2022-01-18",4385415,0,30764.143,301469,0,127.857,33666.055,0,236.171,2314.324,0,0.982,1.47,NA,NA,NA,NA,NA,NA,NA,NA,13370688,105188,102.644,0.808,91640,0.704,0.668,1.5,"people tested",156419272,82952806,75809119,NA,NA,586249,120.08,63.68,58.2,NA,4501,67222,0.052,38.89,130262220,66.444,29.3,6.857,4.321,17336.469,2.5,152.783,13.06,6.9,21.4,87.847,1.38,75.05,0.779,NA,NA,NA,NA
"19","MEX","North America","Mexico","2022-01-19",4495310,109895,40151,302112,643,192.571,34509.699,843.644,308.232,2319.26,4.936,1.478,1.46,NA,NA,NA,NA,NA,NA,NA,NA,13470892,100204,103.414,0.769,89215,0.685,0.679,1.5,"people tested",157145915,83002950,76006592,NA,726643,593054,120.64,63.72,58.35,NA,4553,64055,0.049,38.89,130262220,66.444,29.3,6.857,4.321,17336.469,2.5,152.783,13.06,6.9,21.4,87.847,1.38,75.05,0.779,NA,NA,NA,NA
"20","MEX","North America","Mexico","2022-01-20",4495310,0,33933.429,302112,0,171.429,34509.699,0,260.501,2319.26,0,1.316,1.41,NA,NA,NA,NA,NA,NA,NA,NA,13563104,92212,104.122,0.708,86379,0.663,0.687,1.5,"people tested",157875271,83049588,76179149,NA,729356,600245,121.2,63.76,58.48,NA,4608,60387,0.046,38.89,130262220,66.444,29.3,6.857,4.321,17336.469,2.5,152.783,13.06,6.9,21.4,87.847,1.38,75.05,0.779,NA,NA,NA,NA
"21","MEX","North America","Mexico","2022-01-21",4595589,100279,48259,302721,609,258.429,35279.523,769.824,370.476,2323.936,4.675,1.984,1.39,NA,NA,NA,NA,NA,NA,NA,NA,13648031,84927,104.774,0.652,82642,0.634,0.691,1.4,"people tested",158656184,83159111,76345784,NA,780913,577821,121.8,63.84,58.61,NA,4436,61910,0.048,38.89,130262220,66.444,29.3,6.857,4.321,17336.469,2.5,152.783,13.06,6.9,21.4,87.847,1.38,75.05,0.779,NA,NA,NA,NA
"22","MEX","North America","Mexico","2022-01-22",4595589,0,35201,302721,0,198.143,35279.523,0,270.232,2323.936,0,1.521,1.35,NA,NA,NA,NA,NA,NA,NA,NA,13686143,38112,105.066,0.293,81195,0.623,0.692,1.4,"people tested",NA,NA,NA,NA,NA,592574,NA,NA,NA,NA,4549,60748,0.047,38.89,130262220,66.444,29.3,6.857,4.321,17336.469,2.5,152.783,13.06,6.9,21.4,87.847,1.38,75.05,0.779,NA,NA,NA,NA
"23","MEX","North America","Mexico","2022-01-23",4667829,72240,42787.857,303183,462,253.286,35834.097,554.574,328.475,2327.482,3.547,1.944,1.32,NA,NA,NA,NA,NA,NA,NA,NA,13713430,27287,105.276,0.209,80169,0.615,0.693,1.4,"people tested",160480629,83323226,76519923,NA,NA,656879,123.2,63.97,58.74,NA,5043,60709,0.047,38.89,130262220,66.444,29.3,6.857,4.321,17336.469,2.5,152.783,13.06,6.9,21.4,87.847,1.38,75.05,0.779,NA,NA,NA,NA
"24","MEX","North America","Mexico","2022-01-24",4685767,17938,42907.429,303301,118,261.714,35971.804,137.707,329.393,2328.388,0.906,2.009,1.29,NA,NA,NA,NA,NA,NA,NA,NA,13801658,88228,105.953,0.677,76594,0.588,0.69,1.4,"people tested",160816753,83329994,76560077,NA,336124,666554,123.46,63.97,58.77,NA,5117,57780,0.044,61.57,130262220,66.444,29.3,6.857,4.321,17336.469,2.5,152.783,13.06,6.9,21.4,87.847,1.38,75.05,0.779,NA,NA,NA,NA
"25","MEX","North America","Mexico","2022-01-25",4730669,44902,49322,303776,475,329.571,36316.508,344.705,378.636,2332.035,3.646,2.53,1.25,NA,NA,NA,NA,NA,NA,NA,NA,13876026,74368,106.524,0.571,72191,0.554,0.685,1.5,"people tested",161466948,83349759,76618411,NA,650195,721097,123.96,63.99,58.82,NA,5536,56708,0.044,61.57,130262220,66.444,29.3,6.857,4.321,17336.469,2.5,152.783,13.06,6.9,21.4,87.847,1.38,75.05,0.779,NA,NA,NA,NA
"26","MEX","North America","Mexico","2022-01-26",4730669,0,33622.714,303776,0,237.714,36316.508,0,258.116,2332.035,0,1.825,1.21,NA,NA,NA,NA,NA,NA,NA,NA,13944748,68722,107.051,0.528,67694,0.52,0.679,1.5,"people tested",161997209,83386735,76701452,NA,530261,693042,124.36,64.01,58.88,NA,5320,54826,0.042,61.57,130262220,66.444,29.3,6.857,4.321,17336.469,2.5,152.783,13.06,6.9,21.4,87.847,1.38,75.05,0.779,NA,NA,NA,NA
"27","MEX","North America","Mexico","2022-01-27",4779296,48627,40569.429,304308,532,313.714,36689.809,373.301,311.444,2336.119,4.084,2.408,1.19,NA,NA,NA,NA,NA,NA,NA,NA,14006122,61374,107.523,0.471,63288,0.486,0.672,1.5,"people tested",164844649,83510659,76941127,NA,2847440,995625,126.55,64.11,59.07,NA,7643,65867,0.051,61.57,130262220,66.444,29.3,6.857,4.321,17336.469,2.5,152.783,13.06,6.9,21.4,87.847,1.38,75.05,0.779,NA,NA,NA,NA
"28","MEX","North America","Mexico","2022-01-28",4873561,94265,39710.286,305240,932,359.857,37413.465,723.656,304.849,2343.273,7.155,2.763,1.17,NA,NA,NA,NA,NA,NA,NA,NA,14063572,57450,107.964,0.441,59363,0.456,0.665,1.5,"people tested",NA,NA,NA,NA,NA,917364,NA,NA,NA,NA,7042,55073,0.042,61.57,130262220,66.444,29.3,6.857,4.321,17336.469,2.5,152.783,13.06,6.9,21.4,87.847,1.38,75.05,0.779,NA,NA,NA,NA
"29","MEX","North America","Mexico","2022-01-29",4916143,42582,45793.429,305762,522,434.429,37740.359,326.894,351.548,2347.281,4.007,3.335,1.14,NA,NA,NA,NA,NA,NA,NA,NA,14089780,26208,108.165,0.201,57662,0.443,0.664,1.5,"people tested",NA,NA,NA,NA,NA,820345,NA,NA,NA,NA,6298,48203,0.037,61.57,130262220,66.444,29.3,6.857,4.321,17336.469,2.5,152.783,13.06,6.9,21.4,87.847,1.38,75.05,0.779,NA,NA,NA,NA
"30","MEX","North America","Mexico","2022-01-30",4930069,13926,37462.857,305893,131,387.143,37847.267,106.907,287.596,2348.286,1.006,2.972,1.11,NA,NA,NA,NA,NA,NA,NA,NA,14108602,18822,108.309,0.144,56453,0.433,0.661,1.5,"people tested",165543906,83612558,77129336,NA,NA,723325,127.09,64.19,59.21,NA,5553,41333,0.032,61.57,130262220,66.444,29.3,6.857,4.321,17336.469,2.5,152.783,13.06,6.9,21.4,87.847,1.38,75.05,0.779,NA,NA,NA,NA
"31","MEX","North America","Mexico","2022-01-31",4942590,12521,36689,306091,198,398.571,37943.388,96.122,281.655,2349.806,1.52,3.06,1.09,NA,NA,NA,NA,NA,NA,NA,NA,14165847,57245,108.749,0.439,52027,0.399,0.651,1.5,"people tested",165750330,83620573,77159476,NA,206424,704797,127.24,64.19,59.23,NA,5411,41511,0.032,61.57,130262220,66.444,29.3,6.857,4.321,17336.469,2.5,152.783,13.06,6.9,21.4,87.847,1.38,75.05,0.779,NA,NA,NA,NA
"32","MEX","North America","Mexico","2022-02-01",4985689,43099,36431.429,306920,829,449.143,38274.252,330.863,279.678,2356.17,6.364,3.448,1.06,NA,NA,NA,NA,NA,NA,NA,NA,14212409,46562,109.106,0.357,48055,0.369,0.642,1.6,"people tested",166102210,83651266,77242259,NA,351880,662180,127.51,64.22,59.3,NA,5083,43072,0.033,61.57,130262220,66.444,29.3,6.857,4.321,17336.469,2.5,152.783,13.06,6.9,21.4,87.847,1.38,75.05,0.779,NA,NA,NA,NA
"33","MEX","North America","Mexico","2022-02-02",4985689,0,36431.429,306920,0,449.143,38274.252,0,279.678,2356.17,0,3.448,1.04,NA,NA,NA,NA,NA,NA,NA,NA,14256015,43606,109.441,0.335,44467,0.341,0.632,1.6,"people tested",166768826,83683108,77298207,NA,666616,681660,128.03,64.24,59.34,NA,5233,42339,0.033,61.57,130262220,66.444,29.3,6.857,4.321,17336.469,2.5,152.783,13.06,6.9,21.4,87.847,1.38,75.05,0.779,NA,NA,NA,NA
"34","MEX","North America","Mexico","2022-02-03",5027870,42181,35510.571,307493,573,455,38598.068,323.816,272.608,2360.569,4.399,3.493,1.02,NA,NA,NA,NA,NA,NA,NA,NA,14294012,37997,109.733,0.292,41127,0.316,0.621,1.6,"people tested",167682458,83729127,77378510,NA,913632,405401,128.73,64.28,59.4,NA,3112,31210,0.024,61.57,130262220,66.444,29.3,6.857,4.321,17336.469,2.5,152.783,13.06,6.9,21.4,87.847,1.38,75.05,0.779,NA,NA,NA,NA
"35","MEX","North America","Mexico","2022-02-04",5106048,78178,33212.429,308829,1336,512.714,39198.226,600.159,254.966,2370.826,10.256,3.936,1.01,NA,NA,NA,NA,NA,NA,NA,NA,14329438,35426,110.005,0.272,37981,0.292,0.611,1.6,"people tested",168535697,83812313,77478070,NA,853239,493995,129.38,64.34,59.48,NA,3792,38241,0.029,61.57,130262220,66.444,29.3,6.857,4.321,17336.469,2.5,152.783,13.06,6.9,21.4,87.847,1.38,75.05,0.779,NA,NA,NA,NA
"36","MEX","North America","Mexico","2022-02-05",5141291,35243,32164,309417,588,522.143,39468.781,270.554,246.917,2375.34,4.514,4.008,0.98,NA,NA,NA,NA,NA,NA,NA,NA,14345987,16549,110.132,0.127,36601,0.281,0.604,1.7,"people tested",NA,NA,NA,NA,NA,538711,NA,NA,NA,NA,4136,39207,0.03,61.57,130262220,66.444,29.3,6.857,4.321,17336.469,2.5,152.783,13.06,6.9,21.4,87.847,1.38,75.05,0.779,NA,NA,NA,NA
"37","MEX","North America","Mexico","2022-02-06",5151525,10234,31636.571,309546,129,521.857,39547.345,78.565,242.868,2376.33,0.99,4.006,0.96,NA,NA,NA,NA,NA,NA,NA,NA,14356845,10858,110.215,0.083,35463,0.272,0.599,1.7,"people tested",169627892,83893768,77601746,NA,NA,583427,130.22,64.4,59.57,NA,4479,40173,0.031,61.57,130262220,66.444,29.3,6.857,4.321,17336.469,2.5,152.783,13.06,6.9,21.4,87.847,1.38,75.05,0.779,NA,NA,NA,NA
"38","MEX","North America","Mexico","2022-02-07",5160767,9242,31168.143,309752,206,523,39618.295,70.949,239.272,2377.911,1.581,4.015,0.95,NA,NA,NA,NA,NA,NA,NA,NA,14371835,14990,110.33,0.115,29427,0.226,0.588,1.7,"people tested",169681294,83903511,77614361,NA,53402,561566,130.26,64.41,59.58,NA,4311,40420,0.031,38.89,130262220,66.444,29.3,6.857,4.321,17336.469,2.5,152.783,13.06,6.9,21.4,87.847,1.38,75.05,0.779,NA,NA,NA,NA
"39","MEX","North America","Mexico","2022-02-08",5167110,6343,25917.286,309884,132,423.429,39666.989,48.694,198.962,2378.925,1.013,3.251,0.93,NA,NA,NA,NA,NA,NA,NA,NA,14406133,34298,110.593,0.263,27675,0.212,0.577,1.7,"people tested",169815314,83917663,77632311,NA,134020,530443,130.36,64.42,59.6,NA,4072,38057,0.029,38.89,130262220,66.444,29.3,6.857,4.321,17336.469,2.5,152.783,13.06,6.9,21.4,87.847,1.38,75.05,0.779,NA,NA,NA,NA
"40","MEX","North America","Mexico","2022-02-09",5192008,24898,29474.143,310627,743,529.571,39858.126,191.138,226.268,2384.628,5.704,4.065,0.91,NA,NA,NA,NA,NA,NA,NA,NA,14432790,26657,110.798,0.205,25254,0.194,0.566,1.8,"people tested",170203675,83936198,77659769,NA,388361,490693,130.66,64.44,59.62,NA,3767,36156,0.028,38.89,130262220,66.444,29.3,6.857,4.321,17336.469,2.5,152.783,13.06,6.9,21.4,87.847,1.38,75.05,0.779,NA,NA,NA,NA
"41","MEX","North America","Mexico","2022-02-10",5192008,0,23448.286,310627,0,447.714,39858.126,0,180.008,2384.628,0,3.437,0.9,NA,NA,NA,NA,NA,NA,NA,NA,14457642,24852,110.989,0.191,23376,0.179,0.554,1.8,"people tested",170713604,83967069,77705833,NA,509929,433021,131.05,64.46,59.65,NA,3324,33992,0.026,38.89,130262220,66.444,29.3,6.857,4.321,17336.469,2.5,152.783,13.06,6.9,21.4,87.847,1.38,75.05,0.779,NA,NA,NA,NA
"42","MEX","North America","Mexico","2022-02-11",5226269,34261,17174.429,311554,927,389.286,40121.142,263.016,131.845,2391.745,7.116,2.988,0.9,NA,NA,NA,NA,NA,NA,NA,NA,14481171,23529,111.169,0.181,21676,0.166,0.549,1.8,"people tested",171453754,84016011,77809539,NA,740150,416865,131.62,64.5,59.73,NA,3200,29100,0.022,38.89,130262220,66.444,29.3,6.857,4.321,17336.469,2.5,152.783,13.06,6.9,21.4,87.847,1.38,75.05,0.779,NA,NA,NA,NA
"43","MEX","North America","Mexico","2022-02-12",5283852,57583,20365.857,312697,1143,468.571,40563.196,442.054,156.345,2400.52,8.775,3.597,0.9,NA,NA,NA,NA,NA,NA,NA,NA,14493012,11841,111.26,0.091,21004,0.161,0.547,1.8,"people tested",172046323,84064526,77885188,NA,592569,423504,132.08,64.53,59.79,NA,3251,30212,0.023,38.89,130262220,66.444,29.3,6.857,4.321,17336.469,2.5,152.783,13.06,6.9,21.4,87.847,1.38,75.05,0.779,NA,NA,NA,NA
"44","MEX","North America","Mexico","2022-02-13",5283852,0,18903.857,312697,0,450.143,40563.196,0,145.122,2400.52,0,3.456,0.89,NA,NA,NA,NA,NA,NA,NA,NA,14501724,8712,111.327,0.067,20697,0.159,0.545,1.8,"people tested",172480864,84097727,77924179,NA,434541,407567,132.41,64.56,59.82,NA,3129,29137,0.022,38.89,130262220,66.444,29.3,6.857,4.321,17336.469,2.5,152.783,13.06,6.9,21.4,87.847,1.38,75.05,0.779,NA,NA,NA,NA
"45","MEX","North America","Mexico","2022-02-14",5292706,8854,18848.429,312819,122,438.143,40631.167,67.971,144.696,2401.456,0.937,3.364,0.88,NA,NA,NA,NA,NA,NA,NA,NA,14526082,24358,111.514,0.187,22035,0.169,0.537,1.9,"people tested",172673715,84112878,77952732,NA,192851,427489,132.56,64.57,59.84,NA,3282,29910,0.023,38.89,130262220,66.444,29.3,6.857,4.321,17336.469,2.5,152.783,13.06,6.9,21.4,87.847,1.38,75.05,0.779,NA,NA,NA,NA
"46","MEX","North America","Mexico","2022-02-15",5300537,7831,19061,312965,146,440.143,40691.284,60.117,146.328,2402.577,1.121,3.379,0.87,NA,NA,NA,NA,NA,NA,NA,NA,14547948,21866,111.682,0.168,20259,0.156,0.519,1.9,"people tested",173037874,84765334,78499390,NA,364159,460366,132.84,65.07,60.26,NA,3534,121096,0.093,38.89,130262220,66.444,29.3,6.857,4.321,17336.469,2.5,152.783,13.06,6.9,21.4,87.847,1.38,75.05,0.779,NA,NA,NA,NA
"47","MEX","North America","Mexico","2022-02-16",5344840,44303,21833.143,314128,1163,500.143,41031.39,340.106,167.609,2411.505,8.928,3.84,0.86,NA,NA,NA,NA,NA,NA,NA,NA,14568782,20834,111.842,0.16,19427,0.149,0.505,2,"people tested",173826545,84782507,78528456,NA,788671,517553,133.44,65.09,60.28,NA,3973,120901,0.093,38.89,130262220,66.444,29.3,6.857,4.321,17336.469,2.5,152.783,13.06,6.9,21.4,87.847,1.38,75.05,0.779,NA,NA,NA,NA
"48","MEX","North America","Mexico","2022-02-17",5366405,21565,24913.857,314598,470,567.286,41196.941,165.551,191.259,2415.113,3.608,4.355,0.85,NA,NA,NA,NA,NA,NA,NA,NA,14590206,21424,112.006,0.164,18938,0.145,0.486,2.1,"people tested",174967379,84920810,78556148,NA,1140834,607682,134.32,65.19,60.31,NA,4665,136249,0.105,38.89,130262220,66.444,29.3,6.857,4.321,17336.469,2.5,152.783,13.06,6.9,21.4,87.847,1.38,75.05,0.779,NA,NA,NA,NA
"49","MEX","North America","Mexico","2022-02-18",5366405,0,20019.429,314598,0,434.857,41196.941,0,153.686,2415.113,0,3.338,0.84,NA,NA,NA,NA,NA,NA,NA,NA,14609822,19616,112.157,0.151,18379,0.141,0.469,2.1,"people tested",176177592,84958858,78569196,NA,1210213,674834,135.25,65.22,60.32,NA,5181,134692,0.103,38.89,130262220,66.444,29.3,6.857,4.321,17336.469,2.5,152.783,13.06,6.9,21.4,87.847,1.38,75.05,0.779,NA,NA,NA,NA
"50","MEX","North America","Mexico","2022-02-19",5407711,41306,17694.143,315525,927,404,41514.04,317.099,135.835,2422.23,7.116,3.101,0.84,NA,NA,NA,NA,NA,NA,NA,NA,14619554,9732,112.232,0.075,18077,0.139,0.459,2.2,"people tested",NA,NA,NA,NA,NA,714560,NA,NA,NA,NA,5486,133651,0.103,38.89,130262220,66.444,29.3,6.857,4.321,17336.469,2.5,152.783,13.06,6.9,21.4,87.847,1.38,75.05,0.779,NA,NA,NA,NA
"51","MEX","North America","Mexico","2022-02-20",5413425,5714,18510.429,315688,163,427.286,41557.905,43.865,142.101,2423.481,1.251,3.28,0.83,NA,NA,NA,NA,NA,NA,NA,NA,14627082,7528,112.29,0.058,17908,0.137,0.451,2.2,"people tested",177918897,85041305,78663516,NA,NA,776862,136.59,65.28,60.39,NA,5964,134797,0.103,38.89,130262220,66.444,29.3,6.857,4.321,17336.469,2.5,152.783,13.06,6.9,21.4,87.847,1.38,75.05,0.779,NA,NA,NA,NA
"52","MEX","North America","Mexico","2022-02-21",5413425,0,17245.571,315688,0,409.857,41557.905,0,132.391,2423.481,0,3.146,0.82,NA,NA,NA,NA,NA,NA,NA,NA,14646848,19766,112.441,0.152,17252,0.132,0.426,2.3,"people tested",178130383,85050217,78680575,NA,211486,779524,136.75,65.29,60.4,NA,5984,133906,0.103,35.19,130262220,66.444,29.3,6.857,4.321,17336.469,2.5,152.783,13.06,6.9,21.4,87.847,1.38,75.05,0.779,NA,NA,NA,NA
"53","MEX","North America","Mexico","2022-02-22",5418257,4832,16817.143,315786,98,403,41595,37.094,129.102,2424.233,0.752,3.094,0.81,NA,NA,NA,NA,NA,NA,NA,NA,14663899,17051,112.572,0.131,16564,0.127,0.41,2.4,"people tested",NA,NA,NA,NA,NA,809210,NA,NA,NA,NA,6212,43086,0.033,35.19,130262220,66.444,29.3,6.857,4.321,17336.469,2.5,152.783,13.06,6.9,21.4,87.847,1.38,75.05,0.779,NA,NA,NA,NA
"54","MEX","North America","Mexico","2022-02-23",5455237,36980,15771,316941,1155,401.857,41878.889,283.889,121.071,2433.1,8.867,3.085,0.81,NA,NA,NA,NA,NA,NA,NA,NA,14680080,16181,112.696,0.124,15900,0.122,0.393,2.5,"people tested",179274307,85083649,78750047,NA,NA,778252,137.63,65.32,60.46,NA,5975,43020,0.033,35.19,130262220,66.444,29.3,6.857,4.321,17336.469,2.5,152.783,13.06,6.9,21.4,87.847,1.38,75.05,0.779,NA,NA,NA,NA
"55","MEX","North America","Mexico","2022-02-24",5473489,18252,15297.714,317303,362,386.429,42019.006,140.117,117.438,2435.879,2.779,2.967,0.79,NA,NA,NA,NA,NA,NA,NA,NA,14695530,15450,112.815,0.119,15046,0.116,0.378,2.6,"people tested",180066010,85113370,78798251,NA,791703,728376,138.23,65.34,60.49,NA,5592,27509,0.021,35.19,130262220,66.444,29.3,6.857,4.321,17336.469,2.5,152.783,13.06,6.9,21.4,87.847,1.38,75.05,0.779,NA,NA,NA,NA
"56","MEX","North America","Mexico","2022-02-25",5489127,15638,17531.714,317683,380,440.714,42139.056,120.05,134.588,2438.796,2.917,3.383,0.78,NA,NA,NA,NA,NA,NA,NA,NA,14709267,13737,112.92,0.105,14206,0.109,0.364,2.7,"people tested",NA,NA,NA,NA,NA,630326,NA,NA,NA,NA,4839,25215,0.019,35.19,130262220,66.444,29.3,6.857,4.321,17336.469,2.5,152.783,13.06,6.9,21.4,87.847,1.38,75.05,0.779,NA,NA,NA,NA
"57","MEX","North America","Mexico","2022-02-26",5502586,13459,13553.571,318014,331,355.571,42242.378,103.322,104.048,2441.337,2.541,2.73,0.77,NA,NA,NA,NA,NA,NA,NA,NA,14715578,6311,112.969,0.048,13718,0.105,0.358,2.8,"people tested",NA,NA,NA,NA,NA,580785,NA,NA,NA,NA,4459,22468,0.017,35.19,130262220,66.444,29.3,6.857,4.321,17336.469,2.5,152.783,13.06,6.9,21.4,87.847,1.38,75.05,0.779,NA,NA,NA,NA
"58","MEX","North America","Mexico","2022-02-27",5506105,3519,13240,318086,72,342.571,42269.393,27.015,101.641,2441.89,0.553,2.63,0.76,NA,NA,NA,NA,NA,NA,NA,NA,14720854,5276,113.009,0.041,13396,0.103,0.348,2.9,"people tested",181637603,85179352,78888689,NA,NA,531244,139.44,65.39,60.56,NA,4078,19721,0.015,35.19,130262220,66.444,29.3,6.857,4.321,17336.469,2.5,152.783,13.06,6.9,21.4,87.847,1.38,75.05,0.779,NA,NA,NA,NA
"59","MEX","North America","Mexico","2022-02-28",5508629,2524,13600.571,318149,63,351.571,42288.77,19.376,104.409,2442.374,0.484,2.699,0.76,NA,NA,NA,NA,NA,NA,NA,NA,14736402,15548,113.129,0.119,12793,0.098,0.332,3,"people tested",181945907,85192820,78915838,NA,308304,545075,139.68,65.4,60.58,NA,4184,20372,0.016,35.19,130262220,66.444,29.3,6.857,4.321,17336.469,2.5,152.783,13.06,6.9,21.4,87.847,1.38,75.05,0.779,NA,NA,NA,NA
"60","MEX","North America","Mexico","2022-03-01",5521744,13115,14783.857,318531,382,392.143,42389.451,100.682,113.493,2445.306,2.933,3.01,0.75,NA,NA,NA,NA,NA,NA,NA,NA,14748780,12378,113.224,0.095,12126,0.093,0.317,3.2,"people tested",182185704,85238025,78945844,NA,239797,497623,139.86,65.44,60.61,NA,3820,24442,0.019,35.19,130262220,66.444,29.3,6.857,4.321,17336.469,2.5,152.783,13.06,6.9,21.4,87.847,1.38,75.05,0.779,NA,NA,NA,NA
"61","MEX","North America","Mexico","2022-03-02",5521744,0,9501,318531,0,227.143,42389.451,0,72.937,2445.306,0,1.744,0.74,NA,NA,NA,NA,NA,NA,NA,NA,14760828,12048,113.316,0.092,11535,0.089,0.3,3.3,"people tested",182472333,85261393,78987826,NA,286629,456861,140.08,65.45,60.64,NA,3507,25392,0.019,35.19,130262220,66.444,29.3,6.857,4.321,17336.469,2.5,152.783,13.06,6.9,21.4,87.847,1.38,75.05,0.779,NA,NA,NA,NA
"62","MEX","North America","Mexico","2022-03-03",5534086,12342,8656.714,318835,304,218.857,42484.198,94.747,66.456,2447.64,2.334,1.68,0.74,NA,NA,NA,NA,NA,NA,NA,NA,14773446,12618,113.413,0.097,11131,0.085,0.284,3.5,"people tested",182771895,85292153,79014513,NA,299562,386555,140.31,65.48,60.66,NA,2968,25540,0.02,35.19,130262220,66.444,29.3,6.857,4.321,17336.469,2.5,152.783,13.06,6.9,21.4,87.847,1.38,75.05,0.779,NA,NA,NA,NA
"63","MEX","North America","Mexico","2022-03-04",5544644,10558,7931,319296,461,230.429,42565.25,81.052,60.885,2451.179,3.539,1.769,0.74,NA,NA,NA,NA,NA,NA,NA,NA,14784576,11130,113.499,0.085,10758,0.083,0.272,3.7,"people tested",183043385,85315634,79050604,NA,271490,350502,140.52,65.5,60.69,NA,2691,25753,0.02,35.19,130262220,66.444,29.3,6.857,4.321,17336.469,2.5,152.783,13.06,6.9,21.4,87.847,1.38,75.05,0.779,NA,NA,NA,NA
"64","MEX","North America","Mexico","2022-03-05",5554392,9748,7400.857,319604,308,227.143,42640.084,74.834,56.815,2453.543,2.364,1.744,0.74,NA,NA,NA,NA,NA,NA,NA,NA,14789881,5305,113.539,0.041,10615,0.081,0.268,3.7,"people tested",NA,NA,NA,NA,NA,308976,NA,NA,NA,NA,2372,24373,0.019,35.19,130262220,66.444,29.3,6.857,4.321,17336.469,2.5,152.783,13.06,6.9,21.4,87.847,1.38,75.05,0.779,NA,NA,NA,NA
"65","MEX","North America","Mexico","2022-03-06",5564985,10593,8411.429,319859,255,253.286,42721.405,81.321,64.573,2455.501,1.958,1.944,0.74,NA,NA,NA,NA,NA,NA,NA,NA,14793999,4118,113.571,0.032,10449,0.08,0.265,3.8,"people tested",183509755,85340303,79110688,NA,NA,267450,140.88,65.51,60.73,NA,2053,22993,0.018,35.19,130262220,66.444,29.3,6.857,4.321,17336.469,2.5,152.783,13.06,6.9,21.4,87.847,1.38,75.05,0.779,NA,NA,NA,NA
"66","MEX","North America","Mexico","2022-03-07",5566669,1684,8291.429,319901,42,250.286,42734.332,12.928,63.652,2455.823,0.322,1.921,0.74,NA,NA,NA,NA,NA,NA,NA,NA,14806322,12323,113.666,0.095,9989,0.077,0.248,4,"people tested",NA,NA,NA,NA,NA,251847,NA,NA,NA,NA,1933,21856,0.017,35.19,130262220,66.444,29.3,6.857,4.321,17336.469,2.5,152.783,13.06,6.9,21.4,87.847,1.38,75.05,0.779,NA,NA,NA,NA
"67","MEX","North America","Mexico","2022-03-08",5575608,8939,7694.857,320166,265,233.571,42802.955,68.623,59.072,2457.858,2.034,1.793,0.74,NA,NA,NA,NA,NA,NA,NA,NA,14816886,10564,113.747,0.081,9729,0.075,0.238,4.2,"people tested",183907915,85351315,79157987,NA,NA,246030,141.18,65.52,60.77,NA,1889,16184,0.012,35.19,130262220,66.444,29.3,6.857,4.321,17336.469,2.5,152.783,13.06,6.9,21.4,87.847,1.38,75.05,0.779,NA,NA,NA,NA
"68","MEX","North America","Mexico","2022-03-09",5583993,8385,8892.714,320408,242,268.143,42867.326,64.37,68.268,2459.715,1.858,2.058,0.73,NA,NA,NA,NA,NA,NA,NA,NA,14826842,9956,113.823,0.076,9431,0.072,0.234,4.3,"people tested",184272842,85359340,79199042,NA,364927,257216,141.46,65.53,60.8,NA,1975,13992,0.011,35.19,130262220,66.444,29.3,6.857,4.321,17336.469,2.5,152.783,13.06,6.9,21.4,87.847,1.38,75.05,0.779,NA,NA,NA,NA
"69","MEX","North America","Mexico","2022-03-10",5591871,7878,8255,320607,199,253.143,42927.804,60.478,63.372,2461.243,1.528,1.943,0.72,NA,NA,NA,NA,NA,NA,NA,NA,14836696,9854,113.899,0.076,9036,0.069,0.229,4.4,"people tested",184812990,85376554,79235679,NA,540148,291585,141.88,65.54,60.83,NA,2238,12057,0.009,35.19,130262220,66.444,29.3,6.857,4.321,17336.469,2.5,152.783,13.06,6.9,21.4,87.847,1.38,75.05,0.779,NA,NA,NA,NA
"70","MEX","North America","Mexico","2022-03-11",5591871,0,6746.714,320607,0,187.286,42927.804,0,51.793,2461.243,0,1.438,0.72,NA,NA,NA,NA,NA,NA,NA,NA,14845907,9211,113.969,0.071,8762,0.067,0.222,4.5,"people tested",NA,NA,NA,NA,NA,347662,NA,NA,NA,NA,2669,11335,0.009,35.19,130262220,66.444,29.3,6.857,4.321,17336.469,2.5,152.783,13.06,6.9,21.4,87.847,1.38,75.05,0.779,NA,NA,NA,NA
"71","MEX","North America","Mexico","2022-03-12",5605636,13765,7320.571,321054,447,207.143,43033.475,105.671,56.199,2464.675,3.432,1.59,0.73,NA,NA,NA,NA,NA,NA,NA,NA,14850230,4323,114.003,0.033,8621,0.066,0.219,4.6,"people tested",186141053,85413399,79345826,NA,NA,409212,142.9,65.57,60.91,NA,3141,12204,0.009,35.19,130262220,66.444,29.3,6.857,4.321,17336.469,2.5,152.783,13.06,6.9,21.4,87.847,1.38,75.05,0.779,NA,NA,NA,NA
"72","MEX","North America","Mexico","2022-03-13",5606827,1191,5977.429,321103,49,177.714,43042.618,9.143,45.888,2465.051,0.376,1.364,0.73,NA,NA,NA,NA,NA,NA,NA,NA,14853975,3745,114.031,0.029,8568,0.066,0.217,4.6,"people tested",NA,NA,NA,NA,NA,403826,NA,NA,NA,NA,3100,12126,0.009,35.19,130262220,66.444,29.3,6.857,4.321,17336.469,2.5,152.783,13.06,6.9,21.4,87.847,1.38,75.05,0.779,NA,NA,NA,NA
"73","MEX","North America","Mexico","2022-03-14",5607845,1018,5882.286,321115,12,173.429,43050.433,7.815,45.157,2465.143,0.092,1.331,0.73,NA,NA,NA,NA,NA,NA,NA,NA,14865306,11331,114.118,0.087,8426,0.065,0.207,4.8,"people tested",186532017,85436974,79380412,NA,NA,403312,143.2,65.59,60.94,NA,3096,13024,0.01,35.19,130262220,66.444,29.3,6.857,4.321,17336.469,2.5,152.783,13.06,6.9,21.4,87.847,1.38,75.05,0.779,NA,NA,NA,NA
"74","MEX","North America","Mexico","2022-03-15",5607845,0,4605.286,321115,0,135.571,43050.433,0,35.354,2465.143,0,1.041,0.73,NA,NA,NA,NA,NA,NA,NA,NA,14875512,10206,114.197,0.078,8375,0.064,0.199,5,"people tested",186796040,85452359,79411249,NA,264023,412589,143.4,65.6,60.96,NA,3167,14435,0.011,35.19,130262220,66.444,29.3,6.857,4.321,17336.469,2.5,152.783,13.06,6.9,21.4,87.847,1.38,75.05,0.779,NA,NA,NA,NA
"75","MEX","North America","Mexico","2022-03-16",5613870,6025,4268.143,321375,260,138.143,43096.686,46.253,32.766,2467.139,1.996,1.06,0.74,NA,NA,NA,NA,NA,NA,NA,NA,14884538,9026,114.266,0.069,8242,0.063,0.189,5.3,"people tested",187180552,85465067,79433093,NA,384512,415387,143.7,65.61,60.98,NA,3189,15104,0.012,35.19,130262220,66.444,29.3,6.857,4.321,17336.469,2.5,152.783,13.06,6.9,21.4,87.847,1.38,75.05,0.779,NA,NA,NA,NA
"76","MEX","North America","Mexico","2022-03-17",5624954,11084,4726.143,321806,431,171.286,43181.776,85.09,36.282,2470.448,3.309,1.315,0.74,NA,NA,NA,NA,NA,NA,NA,NA,14893517,8979,114.335,0.069,8117,0.062,0.178,5.6,"people tested",187650994,85476366,79459368,NA,470442,405429,144.06,65.62,61,NA,3112,14259,0.011,35.19,130262220,66.444,29.3,6.857,4.321,17336.469,2.5,152.783,13.06,6.9,21.4,87.847,1.38,75.05,0.779,NA,NA,NA,NA
"77","MEX","North America","Mexico","2022-03-18",5624954,0,4726.143,321806,0,171.286,43181.776,0,36.282,2470.448,0,1.315,0.74,NA,NA,NA,NA,NA,NA,NA,NA,14901858,8341,114.399,0.064,7993,0.061,0.172,5.8,"people tested",188160158,85502104,79496022,NA,509164,383305,144.45,65.64,61.03,NA,2943,15304,0.012,35.19,130262220,66.444,29.3,6.857,4.321,17336.469,2.5,152.783,13.06,6.9,21.4,87.847,1.38,75.05,0.779,NA,NA,NA,NA
"78","MEX","North America","Mexico","2022-03-19",5629814,4860,3454,321931,125,125.286,43219.085,37.309,26.516,2471.407,0.96,0.962,0.75,NA,NA,NA,NA,NA,NA,NA,NA,14905661,3803,114.428,0.029,7919,0.061,0.169,5.9,"people tested",NA,NA,NA,NA,NA,331524,NA,NA,NA,NA,2545,14590,0.011,35.19,130262220,66.444,29.3,6.857,4.321,17336.469,2.5,152.783,13.06,6.9,21.4,87.847,1.38,75.05,0.779,NA,NA,NA,NA
"79","MEX","North America","Mexico","2022-03-20",5633928,4114,3871.571,322072,141,138.429,43250.668,31.582,29.721,2472.49,1.082,1.063,0.76,NA,NA,NA,NA,NA,NA,NA,NA,14908441,2780,114.449,0.021,7781,0.06,0.166,6,"people tested",188763277,85528952,79537014,NA,NA,346677,144.91,65.66,61.06,NA,2661,14824,0.011,35.19,130262220,66.444,29.3,6.857,4.321,17336.469,2.5,152.783,13.06,6.9,21.4,87.847,1.38,75.05,0.779,NA,NA,NA,NA
"80","MEX","North America","Mexico","2022-03-21",5634829,901,3854.857,322092,20,139.571,43257.585,6.917,29.593,2472.643,0.154,1.071,0.77,NA,NA,NA,NA,NA,NA,NA,NA,14912673,4232,114.482,0.032,6767,0.052,0.156,6.4,"people tested",188854049,85531580,79546420,NA,90772,331719,144.98,65.66,61.07,NA,2547,13515,0.01,23.15,130262220,66.444,29.3,6.857,4.321,17336.469,2.5,152.783,13.06,6.9,21.4,87.847,1.38,75.05,0.779,NA,NA,NA,NA
"81","MEX","North America","Mexico","2022-03-22",5636054,1225,4029.857,322119,27,143.429,43266.989,9.404,30.936,2472.851,0.207,1.101,0.77,NA,NA,NA,NA,NA,NA,NA,NA,14923328,10655,114.564,0.082,6831,0.052,0.151,6.6,"people tested",188885665,85533607,79548382,NA,31616,298518,145,65.66,61.07,NA,2292,11607,0.009,23.15,130262220,66.444,29.3,6.857,4.321,17336.469,2.5,152.783,13.06,6.9,21.4,87.847,1.38,75.05,0.779,NA,NA,NA,NA
"82","MEX","North America","Mexico","2022-03-23",5636054,0,3169.143,322119,0,106.286,43266.989,0,24.329,2472.851,0,0.816,0.78,NA,NA,NA,NA,NA,NA,NA,NA,14932848,9520,114.637,0.073,6901,0.053,0.144,6.9,"people tested",189083111,85538032,79562871,NA,197446,271794,145.16,65.67,61.08,NA,2087,10424,0.008,23.15,130262220,66.444,29.3,6.857,4.321,17336.469,2.5,152.783,13.06,6.9,21.4,87.847,1.38,75.05,0.779,NA,NA,NA,NA
"83","MEX","North America","Mexico","2022-03-24",5640305,4251,2193,322277,158,67.286,43299.623,32.634,16.835,2474.063,1.213,0.517,0.8,NA,NA,NA,NA,NA,NA,NA,NA,14941994,9146,114.707,0.07,6925,0.053,0.138,7.2,"people tested",NA,NA,NA,NA,NA,256116,NA,NA,NA,NA,1966,10099,0.008,23.15,130262220,66.444,29.3,6.857,4.321,17336.469,2.5,152.783,13.06,6.9,21.4,87.847,1.38,75.05,0.779,NA,NA,NA,NA
"84","MEX","North America","Mexico","2022-03-25",5647041,6736,3155.286,322634,357,118.286,43351.334,51.711,24.223,2476.804,2.741,0.908,0.82,NA,NA,NA,NA,NA,NA,NA,NA,14949799,7805,114.767,0.06,6849,0.053,0.137,7.3,"people tested",189804498,85556080,79625736,NA,NA,234906,145.71,65.68,61.13,NA,1803,7711,0.006,23.15,130262220,66.444,29.3,6.857,4.321,17336.469,2.5,152.783,13.06,6.9,21.4,87.847,1.38,75.05,0.779,NA,NA,NA,NA
"85","MEX","North America","Mexico","2022-03-26",5647041,0,2461,322634,0,100.429,43351.334,0,18.893,2476.804,0,0.771,0.83,NA,NA,NA,NA,NA,NA,NA,NA,14953659,3860,114.797,0.03,6857,0.053,0.135,7.4,"people tested",190197035,85566651,79662373,NA,392537,247902,146.01,65.69,61.16,NA,1903,7303,0.006,23.15,130262220,66.444,29.3,6.857,4.321,17336.469,2.5,152.783,13.06,6.9,21.4,87.847,1.38,75.05,0.779,NA,NA,NA,NA
"86","MEX","North America","Mexico","2022-03-27",5650896,3855,2424,322750,116,96.857,43380.928,29.594,18.609,2477.695,0.891,0.744,0.85,NA,NA,NA,NA,NA,NA,NA,NA,14956682,3023,114.82,0.023,6892,0.053,0.135,7.4,"people tested",190337668,85573127,79686428,NA,140633,224913,146.12,65.69,61.17,NA,1727,6311,0.005,23.15,130262220,66.444,29.3,6.857,4.321,17336.469,2.5,152.783,13.06,6.9,21.4,87.847,1.38,75.05,0.779,NA,NA,NA,NA
"87","MEX","North America","Mexico","2022-03-28",5651553,657,2389.143,322761,11,95.571,43385.972,5.044,18.341,2477.779,0.084,0.734,0.86,NA,NA,NA,NA,NA,NA,NA,NA,14967042,10360,114.899,0.08,7767,0.06,0.135,7.4,"people tested",190441475,85575818,79693409,NA,103807,226775,146.2,65.7,61.18,NA,1741,6320,0.005,23.15,130262220,66.444,29.3,6.857,4.321,17336.469,2.5,152.783,13.06,6.9,21.4,87.847,1.38,75.05,0.779,NA,NA,NA,NA
"88","MEX","North America","Mexico","2022-03-29",5654311,2758,2608.143,322845,84,103.714,43407.144,21.173,20.022,2478.424,0.645,0.796,0.88,NA,NA,NA,NA,NA,NA,NA,NA,14976377,9335,114.971,0.072,7578,0.058,0.13,7.7,"people tested",191907868,85580293,79711762,NA,1466393,431743,147.32,65.7,61.19,NA,3314,6669,0.005,23.15,130262220,66.444,29.3,6.857,4.321,17336.469,2.5,152.783,13.06,6.9,21.4,87.847,1.38,75.05,0.779,NA,NA,NA,NA
"89","MEX","North America","Mexico","2022-03-30",5654311,0,2608.143,322845,0,103.714,43407.144,0,20.022,2478.424,0,0.796,0.9,NA,NA,NA,NA,NA,NA,NA,NA,14984892,8515,115.036,0.065,7435,0.057,0.13,7.7,"people tested",NA,NA,NA,NA,NA,428584,NA,NA,NA,NA,3290,7073,0.005,23.15,130262220,66.444,29.3,6.857,4.321,17336.469,2.5,152.783,13.06,6.9,21.4,87.847,1.38,75.05,0.779,NA,NA,NA,NA
"90","MEX","North America","Mexico","2022-03-31",5659535,5224,2747.143,323016,171,105.571,43447.248,40.104,21.089,2479.737,1.313,0.81,0.92,NA,NA,NA,NA,NA,NA,NA,NA,14992853,7961,115.097,0.061,7266,0.056,0.129,7.8,"people tested",NA,NA,NA,NA,NA,402104,NA,NA,NA,NA,3087,6820,0.005,23.15,130262220,66.444,29.3,6.857,4.321,17336.469,2.5,152.783,13.06,6.9,21.4,87.847,1.38,75.05,0.779,NA,NA,NA,NA
"91","MEX","North America","Mexico","2022-04-01",5662073,2538,2147.429,323127,111,70.429,43466.732,19.484,16.485,2480.589,0.852,0.541,0.94,NA,NA,NA,NA,NA,NA,NA,NA,14999975,7122,115.152,0.055,7168,0.055,0.123,8.1,"people tested",NA,NA,NA,NA,NA,375624,NA,NA,NA,NA,2884,6567,0.005,23.15,130262220,66.444,29.3,6.857,4.321,17336.469,2.5,152.783,13.06,6.9,21.4,87.847,1.38,75.05,0.779,NA,NA,NA,NA
"92","MEX","North America","Mexico","2022-04-02",5665376,3303,2619.286,323212,85,82.571,43492.088,25.357,20.108,2481.241,0.653,0.634,0.97,NA,NA,NA,NA,NA,NA,NA,NA,15003289,3314,115.178,0.025,7090,0.054,0.123,8.1,"people tested",NA,NA,NA,NA,NA,344595,NA,NA,NA,NA,2645,6093,0.005,23.15,130262220,66.444,29.3,6.857,4.321,17336.469,2.5,152.783,13.06,6.9,21.4,87.847,1.38,75.05,0.779,NA,NA,NA,NA
"93","MEX","North America","Mexico","2022-04-03",5666215,839,2188.429,323223,11,67.571,43498.529,6.441,16.8,2481.326,0.084,0.519,0.99,NA,NA,NA,NA,NA,NA,NA,NA,15006137,2848,115.199,0.022,7065,0.054,0.123,8.1,"people tested",NA,NA,NA,NA,NA,349553,NA,NA,NA,NA,2683,6204,0.005,23.15,130262220,66.444,29.3,6.857,4.321,17336.469,2.5,152.783,13.06,6.9,21.4,87.847,1.38,75.05,0.779,NA,NA,NA,NA
"94","MEX","North America","Mexico","2022-04-04",5666921,706,2195.429,323235,12,67.714,43503.949,5.42,16.854,2481.418,0.092,0.52,1.02,NA,NA,NA,NA,NA,NA,NA,NA,15015179,9042,115.269,0.069,6877,0.053,0.117,8.5,"people tested",NA,NA,NA,NA,NA,359771,NA,NA,NA,NA,2762,6856,0.005,23.15,130262220,66.444,29.3,6.857,4.321,17336.469,2.5,152.783,13.06,6.9,21.4,87.847,1.38,75.05,0.779,NA,NA,NA,NA
"95","MEX","North America","Mexico","2022-04-05",5671144,4223,2404.714,323318,83,67.571,43536.368,32.419,18.461,2482.055,0.637,0.519,1.05,NA,NA,NA,NA,NA,NA,NA,NA,15023241,8062,115.331,0.062,6695,0.051,0.111,9,"people tested",NA,NA,NA,NA,NA,175334,NA,NA,NA,NA,1346,7253,0.006,23.15,130262220,66.444,29.3,6.857,4.321,17336.469,2.5,152.783,13.06,6.9,21.4,87.847,1.38,75.05,0.779,NA,NA,NA,NA
"96","MEX","North America","Mexico","2022-04-06",5683288,12144,4139.571,323403,85,79.714,43629.596,93.227,31.779,2482.708,0.653,0.612,1.07,NA,NA,NA,NA,NA,NA,NA,NA,15030868,7627,115.389,0.059,6568,0.05,0.106,9.4,"people tested",NA,NA,NA,NA,NA,175334,NA,NA,NA,NA,1346,7253,0.006,23.15,130262220,66.444,29.3,6.857,4.321,17336.469,2.5,152.783,13.06,6.9,21.4,87.847,1.38,75.05,0.779,NA,NA,NA,NA
"97","MEX","North America","Mexico","2022-04-07",5715504,32216,7995.571,323508,105,70.286,43876.912,247.317,61.381,2483.514,0.806,0.54,1.06,NA,NA,NA,NA,NA,NA,NA,NA,15038195,7327,115.446,0.056,6477,0.05,0.101,9.9,"people tested",NA,NA,NA,NA,NA,175334,NA,NA,NA,NA,1346,7253,0.006,23.15,130262220,66.444,29.3,6.857,4.321,17336.469,2.5,152.783,13.06,6.9,21.4,87.847,1.38,75.05,0.779,NA,NA,NA,NA
"98","MEX","North America","Mexico","2022-04-08",5719829,4325,8250.857,323595,87,66.857,43910.115,33.202,63.34,2484.182,0.668,0.513,0.99,NA,NA,NA,NA,NA,NA,NA,NA,15044851,6656,115.497,0.051,6411,0.049,0.101,9.9,"people tested",NA,NA,NA,NA,NA,175334,NA,NA,NA,NA,1346,7253,0.006,23.15,130262220,66.444,29.3,6.857,4.321,17336.469,2.5,152.783,13.06,6.9,21.4,87.847,1.38,75.05,0.779,NA,NA,NA,NA
"99","MEX","North America","Mexico","2022-04-09",5722596,2767,8174.286,323691,96,68.429,43931.356,21.242,62.753,2484.918,0.737,0.525,0.93,NA,NA,NA,NA,NA,NA,NA,NA,15048209,3358,115.522,0.026,6417,0.049,0.1,10,"people tested",NA,NA,NA,NA,NA,175334,NA,NA,NA,NA,1346,7253,0.006,23.15,130262220,66.444,29.3,6.857,4.321,17336.469,2.5,152.783,13.06,6.9,21.4,87.847,1.38,75.05,0.779,NA,NA,NA,NA
"100","MEX","North America","Mexico","2022-04-10",5722933,337,8102.571,323725,34,71.714,43933.943,2.587,62.202,2485.18,0.261,0.551,0.88,NA,NA,NA,NA,NA,NA,NA,NA,15050907,2698,115.543,0.021,6396,0.049,0.099,10.1,"people tested",NA,NA,NA,NA,NA,175334,NA,NA,NA,NA,1346,7253,0.006,23.15,130262220,66.444,29.3,6.857,4.321,17336.469,2.5,152.783,13.06,6.9,21.4,87.847,1.38,75.05,0.779,NA,NA,NA,NA
"101","MEX","North America","Mexico","2022-04-11",5723214,281,8041.857,323727,2,70.286,43936.101,2.157,61.736,2485.195,0.015,0.54,0.83,NA,NA,NA,NA,NA,NA,NA,NA,15057865,6958,115.597,0.053,6098,0.047,0.098,10.2,"people tested",NA,NA,NA,NA,NA,175334,NA,NA,NA,NA,1346,7253,0.006,23.15,130262220,66.444,29.3,6.857,4.321,17336.469,2.5,152.783,13.06,6.9,21.4,87.847,1.38,75.05,0.779,NA,NA,NA,NA
"102","MEX","North America","Mexico","2022-04-12",5723862,648,7531.143,323805,78,69.571,43941.075,4.975,57.815,2485.794,0.599,0.534,0.78,NA,NA,NA,NA,NA,NA,NA,NA,15064323,6458,115.646,0.05,5869,0.045,0.099,10.1,"people tested",NA,NA,NA,NA,NA,175334,NA,NA,NA,NA,1346,7253,0.006,23.15,130262220,66.444,29.3,6.857,4.321,17336.469,2.5,152.783,13.06,6.9,21.4,87.847,1.38,75.05,0.779,NA,NA,NA,NA
"103","MEX","North America","Mexico","2022-04-13",5724611,749,5903.286,323848,43,63.571,43946.825,5.75,45.318,2486.124,0.33,0.488,0.73,NA,NA,NA,NA,NA,NA,NA,NA,15069991,5668,115.69,0.044,5589,0.043,0.099,10.1,"people tested",194537872,85689086,79919412,NA,NA,175334,149.34,65.78,61.35,NA,1346,7253,0.006,23.15,130262220,66.444,29.3,6.857,4.321,17336.469,2.5,152.783,13.06,6.9,21.4,87.847,1.38,75.05,0.779,NA,NA,NA,NA
"104","MEX","North America","Mexico","2022-04-14",5725075,464,1367.286,323891,43,54.714,43950.387,3.562,10.496,2486.454,0.33,0.42,0.69,NA,NA,NA,NA,NA,NA,NA,NA,15072289,2298,115.707,0.018,4871,0.037,0.1,10,"people tested",NA,NA,NA,NA,NA,185683,NA,NA,NA,NA,1425,6923,0.005,23.15,130262220,66.444,29.3,6.857,4.321,17336.469,2.5,152.783,13.06,6.9,21.4,87.847,1.38,75.05,0.779,NA,NA,NA,NA
"105","MEX","North America","Mexico","2022-04-15",5725476,401,806.714,323903,12,44,43953.466,3.078,6.193,2486.546,0.092,0.338,0.67,NA,NA,NA,NA,NA,NA,NA,NA,15074002,1713,115.72,0.013,4164,0.032,0.1,10,"people tested",NA,NA,NA,NA,NA,196033,NA,NA,NA,NA,1505,6592,0.005,23.15,130262220,66.444,29.3,6.857,4.321,17336.469,2.5,152.783,13.06,6.9,21.4,87.847,1.38,75.05,0.779,NA,NA,NA,NA
"106","MEX","North America","Mexico","2022-04-16",5726668,1192,581.714,323938,35,35.286,43962.616,9.151,4.466,2486.815,0.269,0.271,0.65,NA,NA,NA,NA,NA,NA,NA,NA,15076041,2039,115.736,0.016,3976,0.031,0.1,10,"people tested",NA,NA,NA,NA,NA,206382,NA,NA,NA,NA,1584,6262,0.005,23.15,130262220,66.444,29.3,6.857,4.321,17336.469,2.5,152.783,13.06,6.9,21.4,87.847,1.38,75.05,0.779,NA,NA,NA,NA
"107","MEX","North America","Mexico","2022-04-17",5727668,1000,676.429,323944,6,31.286,43970.293,7.677,5.193,2486.861,0.046,0.24,0.64,NA,NA,NA,NA,NA,NA,NA,NA,15077905,1864,115.75,0.014,3857,0.03,0.102,9.8,"people tested",195528994,85708849,79945002,NA,NA,216732,150.1,65.8,61.37,NA,1664,5932,0.005,23.15,130262220,66.444,29.3,6.857,4.321,17336.469,2.5,152.783,13.06,6.9,21.4,87.847,1.38,75.05,0.779,NA,NA,NA,NA
"108","MEX","North America","Mexico","2022-04-18",5727668,0,636.286,323944,0,31,43970.293,0,4.885,2486.861,0,0.238,0.62,NA,NA,NA,NA,NA,NA,NA,NA,15085346,7441,115.808,0.057,3926,0.03,0.103,9.7,"people tested",NA,NA,NA,NA,NA,235007,NA,NA,NA,NA,1804,5557,0.004,23.15,130262220,66.444,29.3,6.857,4.321,17336.469,2.5,152.783,13.06,6.9,21.4,87.847,1.38,75.05,0.779,NA,NA,NA,NA
"109","MEX","North America","Mexico","2022-04-19",5729270,1602,772.571,323973,29,24,43982.591,12.298,5.931,2487.083,0.223,0.184,0.6,NA,NA,NA,NA,NA,NA,NA,NA,15091636,6290,115.856,0.048,3902,0.03,0.1,10,"people tested",NA,NA,NA,NA,NA,253283,NA,NA,NA,NA,1944,5183,0.004,23.15,130262220,66.444,29.3,6.857,4.321,17336.469,2.5,152.783,13.06,6.9,21.4,87.847,1.38,75.05,0.779,NA,NA,NA,NA
"110","MEX","North America","Mexico","2022-04-20",5730560,1290,849.857,324004,31,22.286,43992.495,9.903,6.524,2487.321,0.238,0.171,0.58,NA,NA,NA,NA,NA,NA,NA,NA,15097684,6048,115.902,0.046,3956,0.03,0.102,9.8,"people tested",196438782,85722750,NA,43248573,NA,271559,150.8,65.81,NA,33.2,2085,4809,0.004,23.15,130262220,66.444,29.3,6.857,4.321,17336.469,2.5,152.783,13.06,6.9,21.4,87.847,1.38,75.05,0.779,NA,NA,NA,NA
"111","MEX","North America","Mexico","2022-04-21",5731635,1075,937.143,324033,29,20.286,44000.747,8.253,7.194,2487.544,0.223,0.156,0.57,NA,NA,NA,NA,NA,NA,NA,NA,15103333,5649,115.946,0.043,4435,0.034,0.1,10,"people tested",196998244,85745934,NA,43758721,559462,316084,151.23,65.83,NA,33.59,2427,7415,0.006,23.15,130262220,66.444,29.3,6.857,4.321,17336.469,2.5,152.783,13.06,6.9,21.4,87.847,1.38,75.05,0.779,NA,NA,NA,NA
"112","MEX","North America","Mexico","2022-04-22",5731635,0,879.857,324033,0,18.571,44000.747,0,6.755,2487.544,0,0.143,0.56,NA,NA,NA,NA,NA,NA,NA,NA,15108739,5406,115.987,0.042,4962,0.038,0.099,10.1,"people tested",197496797,85767339,NA,44213119,498553,351909,151.61,65.84,NA,33.94,2702,9767,0.007,23.15,130262220,66.444,29.3,6.857,4.321,17336.469,2.5,152.783,13.06,6.9,21.4,87.847,1.38,75.05,0.779,NA,NA,NA,NA
"113","MEX","North America","Mexico","2022-04-23",5733428,1793,965.714,324120,87,26,44014.512,13.765,7.414,2488.212,0.668,0.2,0.55,NA,NA,NA,NA,NA,NA,NA,NA,15111648,2909,116.009,0.022,5087,0.039,0.098,10.2,"people tested",NA,NA,NA,NA,NA,377688,NA,NA,NA,NA,2899,10916,0.008,23.15,130262220,66.444,29.3,6.857,4.321,17336.469,2.5,152.783,13.06,6.9,21.4,87.847,1.38,75.05,0.779,NA,NA,NA,NA
"114","MEX","North America","Mexico","2022-04-24",5733785,357,873.857,324129,9,26.429,44017.252,2.741,6.708,2488.281,0.069,0.203,0.54,NA,NA,NA,NA,NA,NA,NA,NA,15114450,2802,116.031,0.022,5221,0.04,0.098,10.2,"people tested",198353262,85793297,NA,44986463,NA,403467,152.27,65.86,NA,34.54,3097,12064,0.009,23.15,130262220,66.444,29.3,6.857,4.321,17336.469,2.5,152.783,13.06,6.9,21.4,87.847,1.38,75.05,0.779,NA,NA,NA,NA
"115","MEX","North America","Mexico","2022-04-25",5733925,140,893.857,324134,5,27.143,44018.327,1.075,6.862,2488.319,0.038,0.208,0.53,NA,NA,NA,NA,NA,NA,NA,NA,15121536,7086,116.085,0.054,5170,0.04,0.097,10.3,"people tested",198511220,85797486,NA,45134105,157958,382709,152.39,65.87,NA,34.65,2938,12000,0.009,23.15,130262220,66.444,29.3,6.857,4.321,17336.469,2.5,152.783,13.06,6.9,21.4,87.847,1.38,75.05,0.779,NA,NA,NA,NA
"116","MEX","North America","Mexico","2022-04-26",5735115,1190,835,324173,39,28.571,44027.462,9.135,6.41,2488.619,0.299,0.219,0.52,NA,NA,NA,NA,NA,NA,NA,NA,15127156,5620,116.128,0.043,5074,0.039,0.101,9.9,"people tested",NA,NA,NA,NA,NA,382891,NA,NA,NA,NA,2939,12735,0.01,23.15,130262220,66.444,29.3,6.857,4.321,17336.469,2.5,152.783,13.06,6.9,21.4,87.847,1.38,75.05,0.779,NA,NA,NA,NA
"117","MEX","North America","Mexico","2022-04-27",5736579,1464,859.857,324221,48,31,44038.701,11.239,6.601,2488.987,0.368,0.238,0.5,NA,NA,NA,NA,NA,NA,NA,NA,15132674,5518,116.171,0.042,4999,0.038,0.101,9.9,"people tested",NA,NA,NA,NA,NA,383073,NA,NA,NA,NA,2941,13469,0.01,23.15,130262220,66.444,29.3,6.857,4.321,17336.469,2.5,152.783,13.06,6.9,21.4,87.847,1.38,75.05,0.779,NA,NA,NA,NA
"118","MEX","North America","Mexico","2022-04-28",5737811,1232,882.286,324254,33,31.571,44048.159,9.458,6.773,2489.241,0.253,0.242,0.48,NA,NA,NA,NA,NA,NA,NA,NA,15137887,5213,116.211,0.04,4936,0.038,0.103,9.7,"people tested",NA,NA,NA,NA,NA,346654,NA,NA,NA,NA,2661,11553,0.009,23.15,130262220,66.444,29.3,6.857,4.321,17336.469,2.5,152.783,13.06,6.9,21.4,87.847,1.38,75.05,0.779,NA,NA,NA,NA
"119","MEX","North America","Mexico","2022-04-29",5738769,958,1019.143,324294,40,37.286,44055.514,7.354,7.824,2489.548,0.307,0.286,0.46,NA,NA,NA,NA,NA,NA,NA,NA,15142600,4713,116.247,0.036,4837,0.037,0.104,9.6,"people tested",NA,NA,NA,NA,NA,318937,NA,NA,NA,NA,2448,9892,0.008,23.15,130262220,66.444,29.3,6.857,4.321,17336.469,2.5,152.783,13.06,6.9,21.4,87.847,1.38,75.05,0.779,NA,NA,NA,NA
"120","MEX","North America","Mexico","2022-04-30",5739680,911,893.143,324334,40,30.571,44062.507,6.994,6.856,2489.855,0.307,0.235,0.44,NA,NA,NA,NA,NA,NA,NA,NA,15144810,2210,116.264,0.017,4737,0.036,0.104,9.6,"people tested",NA,NA,NA,NA,NA,301266,NA,NA,NA,NA,2313,9434,0.007,23.15,130262220,66.444,29.3,6.857,4.321,17336.469,2.5,152.783,13.06,6.9,21.4,87.847,1.38,75.05,0.779,NA,NA,NA,NA
"121","MEX","North America","Mexico","2022-05-01",5739680,0,842.143,324334,0,29.286,44062.507,0,6.465,2489.855,0,0.225,0.42,NA,NA,NA,NA,NA,NA,NA,NA,15146759,1949,116.279,0.015,4616,0.035,0.104,9.6,"people tested",NA,NA,NA,NA,NA,283595,NA,NA,NA,NA,2177,8976,0.007,23.15,130262220,66.444,29.3,6.857,4.321,17336.469,2.5,152.783,13.06,6.9,21.4,87.847,1.38,75.05,0.779,NA,NA,NA,NA
"122","MEX","North America","Mexico","2022-05-02",5740080,400,879.286,324350,16,30.857,44065.578,3.071,6.75,2489.978,0.123,0.237,0.39,NA,NA,NA,NA,NA,NA,NA,NA,15153154,6395,116.328,0.049,4517,0.035,0.106,9.4,"people tested",NA,NA,NA,NA,NA,304535,NA,NA,NA,NA,2338,9774,0.008,NA,130262220,66.444,29.3,6.857,4.321,17336.469,2.5,152.783,13.06,6.9,21.4,87.847,1.38,75.05,0.779,NA,NA,NA,NA
"123","MEX","North America","Mexico","2022-05-03",5739680,NA,NA,324334,NA,NA,44062.507,NA,NA,2489.855,NA,NA,0.37,NA,NA,NA,NA,NA,NA,NA,NA,15158865,5711,116.372,0.044,4530,0.035,0.107,9.3,"people tested",NA,NA,NA,NA,NA,304535,NA,NA,NA,NA,2338,9774,0.008,NA,130262220,66.444,29.3,6.857,4.321,17336.469,2.5,152.783,13.06,6.9,21.4,87.847,1.38,75.05,0.779,NA,NA,NA,NA
"124","MEX","North America","Mexico","2022-05-04",5739680,0,500.143,324334,0,18.429,44062.507,0,3.84,2489.855,0,0.141,0.34,NA,NA,NA,NA,NA,NA,NA,NA,15164525,5660,116.415,0.043,4550,0.035,0.109,9.2,"people tested",NA,NA,NA,NA,NA,304535,NA,NA,NA,NA,2338,9774,0.008,NA,130262220,66.444,29.3,6.857,4.321,17336.469,2.5,152.783,13.06,6.9,21.4,87.847,1.38,75.05,0.779,NA,NA,NA,NA
"125","MEX","North America","Mexico","2022-05-05",5739680,0,324.143,324334,0,13.714,44062.507,0,2.488,2489.855,0,0.105,0.31,NA,NA,NA,NA,NA,NA,NA,NA,15168978,4453,116.45,0.034,4442,0.034,0.113,8.8,"people tested",NA,NA,NA,NA,NA,304535,NA,NA,NA,NA,2338,9774,0.008,NA,130262220,66.444,29.3,6.857,4.321,17336.469,2.5,152.783,13.06,6.9,21.4,87.847,1.38,75.05,0.779,NA,NA,NA,NA
"126","MEX","North America","Mexico","2022-05-06",5739680,0,187.286,324334,0,8,44062.507,0,1.438,2489.855,0,0.061,0.29,NA,NA,NA,NA,NA,NA,NA,NA,15174254,5276,116.49,0.041,4522,0.035,0.115,8.7,"people tested",201861103,85904997,79947470,48258084,NA,304535,154.97,65.95,61.37,37.05,2338,9774,0.008,NA,130262220,66.444,29.3,6.857,4.321,17336.469,2.5,152.783,13.06,6.9,21.4,87.847,1.38,75.05,0.779,NA,NA,NA,NA
"127","MEX","North America","Mexico","2022-05-07",5739680,0,57.143,324334,0,2.286,44062.507,0,0.439,2489.855,0,0.018,0.27,NA,NA,NA,NA,NA,NA,NA,NA,15176563,2309,116.508,0.018,4536,0.035,0.117,8.5,"people tested",NA,NA,NA,NA,NA,337936,NA,NA,NA,NA,2594,8750,0.007,NA,130262220,66.444,29.3,6.857,4.321,17336.469,2.5,152.783,13.06,6.9,21.4,87.847,1.38,75.05,0.779,NA,NA,NA,NA
"128","MEX","North America","Mexico","2022-05-08",5739680,0,57.143,324334,0,2.286,44062.507,0,0.439,2489.855,0,0.018,0.25,NA,NA,NA,NA,NA,NA,NA,NA,15178593,2030,116.523,0.016,4548,0.035,0.117,8.5,"people tested",NA,NA,NA,NA,NA,371337,NA,NA,NA,NA,2851,7727,0.006,NA,130262220,66.444,29.3,6.857,4.321,17336.469,2.5,152.783,13.06,6.9,21.4,87.847,1.38,75.05,0.779,NA,NA,NA,NA
"129","MEX","North America","Mexico","2022-05-09",5745652,5972,853.143,324465,131,18.714,44108.353,45.846,6.549,2490.86,1.006,0.144,0.24,NA,NA,NA,NA,NA,NA,NA,NA,15184518,5925,116.569,0.045,4481,0.034,0.125,8,"people tested",NA,NA,NA,NA,NA,404738,NA,NA,NA,NA,3107,6704,0.005,NA,130262220,66.444,29.3,6.857,4.321,17336.469,2.5,152.783,13.06,6.9,21.4,87.847,1.38,75.05,0.779,NA,NA,NA,NA
"130","MEX","North America","Mexico","2022-05-10",5745652,0,853.143,324465,0,18.714,44108.353,0,6.549,2490.86,0,0.144,0.22,NA,NA,NA,NA,NA,NA,NA,NA,15187730,3212,116.594,0.025,4124,0.032,0.126,7.9,"people tested",NA,NA,NA,NA,NA,438139,NA,NA,NA,NA,3364,5680,0.004,NA,130262220,66.444,29.3,6.857,4.321,17336.469,2.5,152.783,13.06,6.9,21.4,87.847,1.38,75.05,0.779,NA,NA,NA,NA
"131","MEX","North America","Mexico","2022-05-11",5745652,0,853.143,324465,0,18.714,44108.353,0,6.549,2490.86,0,0.144,0.21,NA,NA,NA,NA,NA,NA,NA,NA,15193581,5851,116.638,0.045,4151,0.032,0.135,7.4,"people tested",NA,NA,NA,NA,NA,471540,NA,NA,NA,NA,3620,4657,0.004,NA,130262220,66.444,29.3,6.857,4.321,17336.469,2.5,152.783,13.06,6.9,21.4,87.847,1.38,75.05,0.779,NA,NA,NA,NA
"132","MEX","North America","Mexico","2022-05-12",5745652,0,853.143,324465,0,18.714,44108.353,0,6.549,2490.86,0,0.144,0.2,NA,NA,NA,NA,NA,NA,NA,NA,15198796,5215,116.678,0.04,4260,0.033,0.14,7.1,"people tested",NA,NA,NA,NA,NA,504941,NA,NA,NA,NA,3876,3634,0.003,NA,130262220,66.444,29.3,6.857,4.321,17336.469,2.5,152.783,13.06,6.9,21.4,87.847,1.38,75.05,0.779,NA,NA,NA,NA
"133","MEX","North America","Mexico","2022-05-13",5745652,0,853.143,324465,0,18.714,44108.353,0,6.549,2490.86,0,0.144,0.19,NA,NA,NA,NA,NA,NA,NA,NA,15202660,3864,116.708,0.03,4058,0.031,0.147,6.8,"people tested",205629496,85923271,79947470,52940036,NA,538342,157.86,65.96,61.37,40.64,4133,2611,0.002,NA,130262220,66.444,29.3,6.857,4.321,17336.469,2.5,152.783,13.06,6.9,21.4,87.847,1.38,75.05,0.779,NA,NA,NA,NA
"134","MEX","North America","Mexico","2022-05-14",5745652,0,853.143,324465,0,18.714,44108.353,0,6.549,2490.86,0,0.144,0.19,NA,NA,NA,NA,NA,NA,NA,NA,15203149,489,116.712,0.004,3798,0.029,0.151,6.6,"people tested",NA,NA,NA,NA,NA,523919,NA,NA,NA,NA,4022,46796,0.036,NA,130262220,66.444,29.3,6.857,4.321,17336.469,2.5,152.783,13.06,6.9,21.4,87.847,1.38,75.05,0.779,NA,NA,NA,NA
"135","MEX","North America","Mexico","2022-05-15",5745652,0,853.143,324465,0,18.714,44108.353,0,6.549,2490.86,0,0.144,0.19,NA,NA,NA,NA,NA,NA,NA,NA,NA,NA,NA,NA,NA,NA,NA,NA,"",NA,NA,NA,NA,NA,509497,NA,NA,NA,NA,3911,90981,0.07,NA,130262220,66.444,29.3,6.857,4.321,17336.469,2.5,152.783,13.06,6.9,21.4,87.847,1.38,75.05,0.779,NA,NA,NA,NA
"136","MEX","North America","Mexico","2022-05-16",5752441,6789,969.857,324617,152,21.714,44160.471,52.118,7.445,2492.027,1.167,0.167,0.19,NA,NA,NA,NA,NA,NA,NA,NA,NA,NA,NA,NA,NA,NA,NA,NA,"",206941649,86858994,NA,53001421,NA,495074,158.87,66.68,NA,40.69,3801,135166,0.104,NA,130262220,66.444,29.3,6.857,4.321,17336.469,2.5,152.783,13.06,6.9,21.4,87.847,1.38,75.05,0.779,NA,NA,NA,NA
"137","MEX","North America","Mexico","2022-05-17",5752441,NA,NA,324617,NA,NA,44160.471,NA,NA,2492.027,NA,NA,0.19,NA,NA,NA,NA,NA,NA,NA,NA,NA,NA,NA,NA,NA,NA,NA,NA,"",NA,NA,NA,NA,NA,NA,NA,NA,NA,NA,NA,NA,NA,NA,130262220,66.444,29.3,6.857,4.321,17336.469,2.5,152.783,13.06,6.9,21.4,87.847,1.38,75.05,0.779,NA,NA,NA,NA
"138","MEX","North America","Mexico","2022-05-18",5752441,NA,NA,324617,NA,NA,44160.471,NA,NA,2492.027,NA,NA,NA,NA,NA,NA,NA,NA,NA,NA,NA,NA,NA,NA,NA,NA,NA,NA,NA,"",NA,NA,NA,NA,NA,NA,NA,NA,NA,NA,NA,NA,NA,NA,130262220,66.444,29.3,6.857,4.321,17336.469,2.5,152.783,13.06,6.9,21.4,87.847,1.38,75.05,0.779,NA,NA,NA,NA
"139","MEX","North America","Mexico","2022-05-19",5752441,NA,NA,324617,NA,NA,44160.471,NA,NA,2492.027,NA,NA,NA,NA,NA,NA,NA,NA,NA,NA,NA,NA,NA,NA,NA,NA,NA,NA,NA,"",NA,NA,NA,NA,NA,NA,NA,NA,NA,NA,NA,NA,NA,NA,130262220,66.444,29.3,6.857,4.321,17336.469,2.5,152.783,13.06,6.9,21.4,87.847,1.38,75.05,0.779,NA,NA,NA,NA
"140","MEX","North America","Mexico","2022-05-20",5752441,NA,NA,324617,NA,NA,44160.471,NA,NA,2492.027,NA,NA,NA,NA,NA,NA,NA,NA,NA,NA,NA,NA,NA,NA,NA,NA,NA,NA,NA,"",NA,NA,NA,NA,NA,NA,NA,NA,NA,NA,NA,NA,NA,NA,130262220,66.444,29.3,6.857,4.321,17336.469,2.5,152.783,13.06,6.9,21.4,87.847,1.38,75.05,0.779,NA,NA,NA,NA
